account_name,account_type
"11.2 Healthcare, Inc.",Vendor
1199 SEIU National Benefit Funds,Client
12556456 Canada Inc.,Vendor
15762669 Canada Inc.,Vendor
180 Racing LLC,Vendor
1Password,Vendor
24slides,Vendor
24x7 Translines,Vendor
2Win!,Vendor
30 North Group,Vendor
"375 Riverside Parkway B LLC (fka 375 Riverside Pkwy LLC ""Centersquare""",Vendor
3M Australia Pty Ltd,Vendor
3M Company,Vendor
"3M Health Information System, Inc.",Vendor
3Tech Innovation Master Corp,Vendor
7-Eleven,Client
8x8,Vendor
"A-lign Compliance and Security, Inc.",Vendor
A. Venkatesh,Vendor
AAA Washington,Vendor
AAPC,Vendor
AArete LLC,Vendor
ABBYY,Vendor
AC Marriott Nashville,Vendor
ACA Health Benefits Fund,Client
ACAP,Vendor
ACE Seattle,Vendor
ACOF Investment,Vendor
ACORD Corporation,Vendor
ACT.md,Client
ADP Benefit Services,Vendor
"ADP, Inc",Vendor
ADV Technology and Engineering Services,Vendor
AE & Associates,Vendor
AE Workspace,Vendor
AGS Benefits Group,Client
AGS Four Winds,Vendor
AHIMA,Vendor
AHT Insurance,Vendor
AI21,Vendor
AIA Health Insurance Pty Ltd,Client
AJ's Coffee Break Inc.,Vendor
AK Steel,Client
AMERICAN ACADEMY HOLDINGS LLC ABA AAPC,Vendor
AMERICAN SOCIETY OF ANESTHESIOLOGISTS_LV,Vendor
"AON / Albert G. Ruben Insurance Services, Inc.",Vendor
AON RISK SERVICES NORTHEAST INC,Vendor
AON Risk Services,Vendor
AON Risk Solutions,Vendor
AOS Services,Vendor
APCO Worldwide LLC,Vendor
"APWD, Inc.",Vendor
AR Cafe Private Limited,Vendor
AR Cafe Pvt Ltd,Vendor
AR Enterprise,Vendor
ARD Massage LLC,Vendor
ARK Logistics Services Pvt Ltd,Vendor
AT&T,Vendor
AT&T Global Network Services India Pvt Ltd,Vendor
ATKOTT,Vendor
ATRIO Health Plans,Client
ATT Corp,Vendor
AVCS Holding Corporation (Encore AV InterContinental San Antonio),Vendor
AWS India,Vendor
AXIOM Systems,Vendor
Aakirti International Ltd.,Vendor
Aaryankaraje Associates,Vendor
"Abacus Insights, Inc.",Vendor
Abarca Health LLC,Client
Ability,Vendor
Ability Network,Vendor
Ablebits,Vendor
Abstrakti Software,Vendor
Accel - KKR,Vendor
Accellion,Vendor
"Accent Micro Technologies, Inc.",Vendor
Accenture,Client
"Access Information Intermediate Holdings, LLC",Vendor
Access Programs Australia Ltd,Vendor
Access San Diego,Vendor
Accion Labs,Vendor
Accordion Partners LLC,Vendor
"Accounting Principals, Parker+Lynch, Ajilon (formerly Benchmark Search Group, Inc)",Vendor
Accounting Solutions Partners,Vendor
"Accuity, Inc",Vendor
Accurate Background LLC,Vendor
Ace Enterprises,Vendor
Ace Hotel Sydney,Vendor
Ace Interior Pvt. Ltd.,Vendor
Ace Kitchen,Vendor
Acorn Research,Client
Act-On Services,Vendor
Actcon Pvt. Ltd.,Vendor
Acteva,Vendor
Actian,Vendor
ActivTrak,Vendor
"Activate 180, LLC",Vendor
ActiveCyber.net,Vendor
Acutate,Vendor
Adams Direct & Media Services,Vendor
"Adaptive Insights, Inc.",Vendor
Addison Group,Vendor
Aditi Consulting LLC,Vendor
AdminisTEP,Vendor
Adminisoft,Vendor
"Adnet Advertising Agency, Inc",Vendor
Adobe Inc,Vendor
Adra Corporation,Vendor
Advalent LLC,Client
Advanced Communications Group,Vendor
Advanced Document Systems,Vendor
Advanced Systems Group,Vendor
Advanstar Communications,Vendor
AdvantMed,Client
Advantage Laser Products,Vendor
Advent International Corporation,Vendor
AdventHealth,Client
Advise Insurance,Client
Aerotek,Vendor
Aetna Life Insurance Company,Client
